,median,mean,min,max,std,num_pixels,pixel_frac,num_bounds,year_range
A,0.15029164020211971,0.15497980561662134,-0.04722745719923158,0.40068144376290904,0.08714711637708894,726.9659090909091,0.9712501439399601,528,2003-2012
B,0.11641599678405817,0.12826280132475426,-0.05948127239240139,0.40279088270014013,0.0874203245158649,1031.969276094276,0.968678949069479,2376,2003-2012
C,0.08526092615294817,0.09386468207723059,-0.07484593886664952,0.38659382927486385,0.07680279947085647,1272.4800384800385,0.969634025380884,6237,2003-2012
D,0.06549495324288024,0.07971087053790643,-0.08133511228139695,0.38655437924466346,0.0872292004348741,1150.19149477973,0.950007148818822,3927,2003-2012
E,0.09604948200285435,0.09707222466893269,-0.08098037360292493,0.4236261596282323,0.10447664096048384,709.1212121212121,0.9780982236154651,33,2003-2012
