,holc_grade,median,mean,min,max,std,num_pixels,pixel_frac,num_bounds,year_range
0,A,0.18366338704934357,0.1896285483223995,0.016648880912808552,0.42029417022885435,0.0760323895604167,740.5,0.9997650375939848,352,2013-2022
1,B,0.1587112853329561,0.17031005638054939,0.013181549080976553,0.4206545483482723,0.07526569627705423,1088.2714285714285,0.9948915037986767,1540,2013-2022
2,C,0.13969950274079213,0.14842493035223991,0.0035517907753954705,0.415611719053022,0.06829565258665601,1306.1436170212767,0.996387547739501,4136,2013-2022
3,D,0.12076356362328829,0.13417509187174076,-0.005731050642178992,0.41413600594914207,0.07615312093942653,1231.1769911504425,0.997990793151557,2486,2013-2022
4,E,0.12677330210466276,0.13238312414416048,-0.023179700344123623,0.4752692445922135,0.08996484646129167,725.0,1.0,22,2013-2022
