,holc_grade,median,mean,min,max,std,num_pixels,pixel_frac,num_bounds,year_range
0,A,299.524485096787,299.50824396538013,296.60121490016127,302.5685695879387,1.2246872809235796,740.5,0.9997650375939849,528,2003-2012
1,B,300.77648370916194,300.7260767233492,297.5152982975096,303.7841227624553,1.1785409513309046,1060.8194444444443,0.9905492794868083,2376,2003-2012
2,C,301.77027524379616,301.71045419981374,298.27589669716133,304.81583328577346,1.1192327699725093,1306.6560846560847,0.9957610129132689,6237,2003-2012
3,D,301.74183069223784,301.6962974942729,298.187001724962,305.1069903081083,1.2617683684100476,1189.8487394957983,0.9811494277188617,3927,2003-2012
4,E,301.55019586736506,302.5236927379261,299.0056845925071,310.98689686168325,2.667444276087212,725.0,1.0,33,2003-2012
