,median,mean,min,max,std,num_pixels,pixel_frac,num_bounds,year_range
A,0.1616029044657012,0.16418518627098308,-0.023744839489187645,0.38152989639120066,0.07843593318822645,750.4516971279373,0.9719479184943158,383,1984-1993
B,0.1275407609169784,0.1372906562671294,-0.047346170450720815,0.3944915855383702,0.0828988297387611,1069.111174134997,0.9722884022477045,1763,1984-1993
C,0.10750063473787963,0.11424469758705384,-0.05742063581693915,0.38736066495789945,0.07615942583736043,1280.2041327489042,0.9715529906898794,4791,1984-1993
D,0.08424979065570773,0.09611071019513576,-0.06405149234940634,0.38372791189322014,0.08335638643895638,1200.3128472222222,0.965238349912975,2880,1984-1993
E,0.09429569735836524,0.0980808841637694,-0.06925362577805153,0.42419578708135164,0.09384541270824578,703.1153846153846,0.9698143236074274,26,1984-1993
