,median,mean,min,max,std,num_pixels,pixel_frac,num_bounds,year_range
A,298.04600979731634,298.052104142996,295.04580384034375,301.00437787862927,1.201002582979317,740.5,0.9997650375939848,416,1994-2002
B,299.5480358906281,299.4826695042798,296.0354348288642,302.3991020235241,1.1815936092335062,1060.8194444444443,0.9905492794868094,1872,1994-2002
C,300.4544966907264,300.3895871906323,296.7120950633082,303.31399158788344,1.0953191640188051,1304.8051418077944,0.9932906778458069,4901,1994-2002
D,300.53603707670163,300.48476172080694,296.7513117218512,303.7273706917012,1.2373757360023836,1192.344458846403,0.9817930450027484,3086,1994-2002
E,299.52423330453723,300.3561542217548,297.1579284667969,306.89068603515625,2.2777575025191674,725.0,1.0,26,1994-2002
