,holc_grade,median,mean,min,max,std,num_pixels,pixel_frac,num_bounds,year_range
0,A,0.15682070949920812,0.16136095459188043,-0.02868587293106919,0.40078252378869084,0.08270370078613408,740.5,0.9997650375939848,416,1994-2002
1,B,0.1301777478976376,0.14105026589407074,-0.04915877514241192,0.4088054158686039,0.08687714043592748,1060.8194444444443,0.9905492794868094,1872,1994-2002
2,C,0.10199095549392921,0.10939831022917912,-0.0625538500760323,0.3948098670153855,0.07760611034730604,1304.8051418077944,0.9932906778458069,4901,1994-2002
3,D,0.08078040706240636,0.09359084375366461,-0.06984340112547108,0.3941338342268621,0.08712086122880171,1192.344458846403,0.9817930450027484,3086,1994-2002
4,E,0.09734671057846683,0.09905425366014242,-0.07319553024493732,0.41902285986221754,0.09956492569584113,725.0,1.0,26,1994-2002
