,holc_grade,median,mean,min,max,std,num_pixels,pixel_frac,num_bounds,year_range
0,A,301.49108051118395,301.43798746381486,298.3754184359596,304.33981777372816,1.2031995538799536,740.5,0.9997650375939848,336,2013-2022
1,B,302.65769209685146,302.5754106309679,299.4105531803515,305.4523068988134,1.147825262593056,1060.8194444444443,0.9905492794868086,1512,2013-2022
2,C,303.6868668813554,303.5783842264119,300.10590382347965,306.4299200302589,1.107138454031812,1306.6560846560847,0.9957610129132707,3969,2013-2022
3,D,303.458006945454,303.38784478635205,300.00541403084674,306.5930560700843,1.18708973628979,1189.8487394957983,0.9811494277188623,2499,2013-2022
4,E,303.34327915736606,303.95317004975817,299.28334554036456,311.4441208612351,2.5613477400371005,725.0,1.0,21,2013-2022
