,holc_grade,median,mean,min,max,std,num_pixels,pixel_frac,num_bounds,year_range
0,A,0.19241144365098858,0.19866212335182354,0.0175847451932246,0.4401741427192021,0.07960785706971019,740.4791666666666,0.9997183035338262,336,2013-2022
1,B,0.1699656455782359,0.18182976498199557,0.014838468005364506,0.44246399495750666,0.0794539609733013,1060.80291005291,0.9905183830774672,1512,2013-2022
2,C,0.14662121759011212,0.1557155609981228,0.003967874550818951,0.4353322186801769,0.07145239204251855,1306.6409674981103,0.9957504344179746,3969,2013-2022
3,D,0.13114319850026177,0.14451204378995636,-0.005376465735690993,0.43389005928027147,0.08016166320870391,1189.813925570228,0.9811153322062365,2499,2013-2022
4,E,0.1328101260144086,0.13869091318476767,-0.02412177733190003,0.4977617107686542,0.09420313757090341,725.0,1.0,21,2013-2022
