,holc_grade,median,mean,min,max,std,num_pixels,pixel_frac,num_bounds,year_range
0,A,0.15755993254200662,0.16264203972010505,-0.028570771116602164,0.40078252378869084,0.08331542507781145,725.7596153846154,0.9682097381196384,416,1994-2002
1,B,0.13224923376239733,0.14262782708980812,-0.04890437354408324,0.4088054158686039,0.08697096729933675,1033.4375,0.9690873465778381,1872,1994-2002
2,C,0.10364125327409907,0.11088793701927531,-0.06246718175430288,0.39480809818317064,0.07760583532210595,1274.3354417465823,0.9695592341476976,4901,1994-2002
3,D,0.08288776639991392,0.09517282410206433,-0.06977883298496268,0.3941338342268621,0.08754755658588274,1153.3334413480234,0.9517134215138502,3086,1994-2002
4,E,0.09955804891741046,0.10105578189429182,-0.07319553024493732,0.41902285986221754,0.09959615093584244,709.2307692307693,0.9782493368700265,26,1994-2002
