,holc_grade,median,mean,min,max,std,num_pixels,pixel_frac,num_bounds,year_range
0,A,0.1914663310136265,0.19772893450995485,0.017614109232288847,0.43806429899466987,0.07911290687678213,740.5,0.9997650375939848,352,2013-2022
1,B,0.1655374044848681,0.17763696958298808,0.014222574878906678,0.43848436888452474,0.07823919569892059,1088.2714285714285,0.9948915037986767,1540,2013-2022
2,C,0.14579273683292118,0.15488632853598672,0.004288020645709864,0.4334111796634369,0.07098361121119509,1306.1436170212767,0.996387547739501,4136,2013-2022
3,D,0.126304288591241,0.1402547594129122,-0.005701506928280599,0.432193604064918,0.0792961915230419,1231.1769911504425,0.997990793151557,2486,2013-2022
4,E,0.13040704508735376,0.1366510751911185,-0.024799961131066084,0.49298871782692993,0.09375457160852173,725.0,1.0,22,2013-2022
