,holc_grade,median,mean,min,max,std,num_pixels,pixel_frac,num_bounds,year_range
0,A,299.524485096787,299.50824396538013,296.60121490016127,302.5685695879387,1.2246872809235796,740.5,0.9997650375939849,528,2003-2012
1,B,300.8291631789435,300.7827757600066,297.56169475869183,303.8676290801077,1.1796726764087038,1088.2714285714285,0.9948915037986766,2310,2003-2012
2,C,301.76958436553974,301.7104059068101,298.28483945058287,304.815438664705,1.1189477299631296,1306.1436170212767,0.9963875477394984,6204,2003-2012
3,D,301.8436432416716,301.79605778525104,298.2864851927303,305.22414380393485,1.2484492898930426,1231.1769911504425,0.9979907931515574,3729,2003-2012
4,E,301.55019586736506,302.5236927379261,299.0056845925071,310.98689686168325,2.667444276087212,725.0,1.0,33,2003-2012
