,median,mean,min,max,std,num_pixels,pixel_frac,num_bounds,year_range
A,0.1645155123788302,0.16869072783118272,-0.026513551148918256,0.40444354237941793,0.08361433337831017,741.0829145728643,0.9719822767767793,398,1994-2002
B,0.12796818022304032,0.13897227165456083,-0.05044065065676732,0.408322950559226,0.08681633110423494,1070.409497206704,0.9743203272875494,1790,1994-2002
C,0.10350983971613702,0.11083228130175746,-0.06246395677564329,0.3954457587754187,0.07781812751069356,1282.4130977130976,0.9732406157348207,4810,1994-2002
D,0.07815169647418932,0.09085096798657018,-0.07115604966425988,0.3943469032115775,0.08700666557806097,1195.7212328767123,0.9671678673883943,2920,1994-2002
E,0.09955804891741046,0.10105578189429182,-0.07319553024493732,0.41902285986221754,0.09959615093584244,709.2307692307693,0.9782493368700265,26,1994-2002
