,holc_grade,median,mean,min,max,std,num_pixels,pixel_frac,num_bounds,year_range
0,A,301.57230628620493,301.5206405466253,298.5003687251698,304.3954466039484,1.1906648453494364,740.5,0.9997650375939848,352,2013-2022
1,B,302.74173647947987,302.66026629823625,299.5248275718304,305.5100959816364,1.1358161793852395,1060.8194444444443,0.9905492794868088,1584,2013-2022
2,C,303.7520447144318,303.64459751086946,300.1955779471496,306.47255630089495,1.098302387948246,1306.6560846560847,0.9957610129132708,4158,2013-2022
3,D,303.529641112815,303.46115998223684,300.1068765335724,306.63943058302425,1.1748232874191153,1189.8487394957983,0.9811494277188622,2618,2013-2022
4,E,303.40173755992544,304.0011014071378,299.42309154163706,311.3898620605469,2.5196550380099905,725.0,1.0,22,2013-2022
