,median,mean,min,max,std,num_pixels,pixel_frac,num_bounds,year_range
A,0.14918176574596706,0.1537223145853484,-0.026713608383523442,0.37694815781791335,0.07860639090918434,723.6201923076923,0.9643671339857972,416,1984-1993
B,0.13069088463972495,0.13985036470538997,-0.04568866095341479,0.39338398301271466,0.08268079208657862,1030.133012820513,0.9658499125675226,1872,1984-1993
C,0.10697002134343198,0.11365869864845023,-0.05778628988052907,0.38585404940745865,0.07592232394838212,1272.0214023644517,0.9675425383500807,4906,1984-1993
D,0.08778617929430105,0.09902922082453577,-0.06323544065983001,0.38177274245751286,0.08349183711075776,1149.2079689018465,0.9488132784514701,3087,1984-1993
E,0.09429569735836524,0.0980808841637694,-0.06925362577805153,0.42419578708135164,0.09384541270824578,703.1153846153846,0.9698143236074274,26,1984-1993
