,holc_grade,median,mean,min,max,std,num_pixels,pixel_frac,num_bounds,year_range
0,A,0.19240954368086977,0.198658874593786,0.0175847451932246,0.4401741427192021,0.07960790540978667,740.5,0.9997650375939848,336,2013-2022
1,B,0.16996329789918688,0.18182580261466602,0.01482591063076523,0.44246399495750666,0.07945655646214074,1060.8194444444443,0.9905492794868086,1512,2013-2022
2,C,0.14662056864341583,0.15571456130816463,0.003959855619577691,0.4353322186801769,0.0714528324534428,1306.6560846560847,0.9957610129132707,3969,2013-2022
3,D,0.13114040454315926,0.14450904352626964,-0.005401020682028957,0.43389005928027147,0.0801625865470229,1189.8487394957983,0.9811494277188623,2499,2013-2022
4,E,0.1328101260144086,0.1386909138943468,-0.02412177733190003,0.4977617107686542,0.09420313650653475,725.0,1.0,21,2013-2022
