,median,mean,min,max,std,num_pixels,pixel_frac,num_bounds,year_range
A,0.19241144365098858,0.19866212335182354,0.0175847451932246,0.4401741427192021,0.07960785706971019,740.4791666666666,0.9997183035338262,336,2013-2022
B,0.16627240827090115,0.1784237931438145,0.013953366193416106,0.44054340708519324,0.07880521815105462,1088.2551020408164,0.994866527355871,1470,2013-2022
C,0.14635326578655716,0.15549490623564857,0.0038800218003890935,0.4352550921487983,0.07150241810089616,1306.1284194528876,0.996376912975613,3948,2013-2022
D,0.12651779384026912,0.14056849523670767,-0.005824528421103234,0.43371414560534205,0.07973374088490645,1231.1407501053518,0.99795532898467,2373,2013-2022
E,0.1328101260144086,0.13869091318476767,-0.02412177733190003,0.4977617107686542,0.09420313757090341,725.0,1.0,21,2013-2022
