,holc_grade,median,mean,min,max,std,num_pixels,pixel_frac,num_bounds,year_range
0,A,301.57230628620493,301.5206405466253,298.5003687251698,304.3954466039484,1.1906648453494364,740.5,0.9997650375939848,352,2013-2022
1,B,302.80477229527065,302.72574827516235,299.57773530638065,305.59914239660486,1.1357373035379819,1088.2714285714285,0.9948915037986767,1540,2013-2022
2,C,303.7464424516984,303.6398159300105,300.197637369831,306.47008918009595,1.0988768944606848,1306.1436170212767,0.996387547739501,4136,2013-2022
3,D,303.64324140970683,303.57157618061535,300.20431378610846,306.7666183680368,1.1645689545047926,1231.1769911504425,0.997990793151557,2486,2013-2022
4,E,303.40173755992544,304.0011014071378,299.42309154163706,311.3898620605469,2.5196550380099905,725.0,1.0,22,2013-2022
