,holc_grade,median,mean,min,max,std,num_pixels,pixel_frac,num_bounds,year_range
0,A,0.19240954368086977,0.198658874593786,0.0175847451932246,0.4401741427192021,0.07960790540978667,740.5,0.9997650375939848,336,2013-2022
1,B,0.16627102114804063,0.178422218903291,0.013953366193416106,0.44054340708519324,0.07880520229322874,1088.2714285714285,0.9948915037986766,1470,2013-2022
2,C,0.14635261338801672,0.15549390125083676,0.0038719602152582524,0.4352550921487983,0.0715028608572625,1306.1436170212767,0.9963875477395011,3948,2013-2022
3,D,0.12651486618144478,0.1405654034349287,-0.00585038716990162,0.43371414560534205,0.07973471267546813,1231.1769911504425,0.9979907931515569,2373,2013-2022
4,E,0.1328101260144086,0.1386909138943468,-0.02412177733190003,0.4977617107686542,0.09420313650653475,725.0,1.0,21,2013-2022
