,holc_grade,median,mean,min,max,std,num_pixels,pixel_frac,num_bounds,year_range
0,A,301.5791693600741,301.5275981209495,298.50600294633347,304.4034747210416,1.1911987955258652,740.5,0.9997650375939848,352,2013-2022
1,B,302.74913337013936,302.667560635191,299.5309467315674,305.5183903472592,1.1362505946308374,1060.8194444444443,0.9905492794868088,1584,2013-2022
2,C,303.7597301018932,303.6522220393223,300.20169936377823,306.4810576555877,1.098680470839408,1306.6560846560847,0.9957610129132708,4158,2013-2022
3,D,303.53732642515456,303.46880447236157,300.1131352831882,306.64808253790244,1.1753083649251506,1189.8487394957983,0.9811494277188622,2618,2013-2022
4,E,303.4101853804155,304.0092662464489,299.42724609375,311.3994626131925,2.5201097347519616,725.0,1.0,22,2013-2022
