,median,mean,min,max,std,num_pixels,pixel_frac,num_bounds,year_range
A,0.15323912279997418,0.15769476257197063,-0.04658685365738617,0.40319833502072544,0.08748815573096218,734.1856866537718,0.9728950801793361,517,2003-2012
B,0.11238989664456592,0.12485631834930526,-0.06092144480445883,0.4027266298676585,0.08724526825514468,1065.9978021978022,0.9740213659063774,2275,2003-2012
C,0.0855320366774282,0.09417900695902899,-0.07502072278127174,0.3878092889899146,0.07711039858376367,1277.4491331370625,0.9714064851010636,6114,2003-2012
D,0.060571941168297505,0.07539525389475377,-0.08306422056484224,0.38741132930471534,0.08692067981755276,1195.7477696674778,0.9664765784839807,3699,2003-2012
E,0.09604948200285435,0.09707222466893269,-0.08098037360292493,0.4236261596282323,0.10447664096048384,709.1212121212121,0.9780982236154651,33,2003-2012
