,holc_grade,median,mean,min,max,std,num_pixels,pixel_frac,num_bounds,year_range
0,A,0.15682070949920812,0.16136095459188043,-0.02868587293106919,0.40078252378869084,0.08270370078613408,740.5,0.9997650375939848,416,1994-2002
1,B,0.12529988331620448,0.13669282605592192,-0.05078534209809092,0.4067868936750628,0.0863758596381848,1088.2714285714285,0.9948915037986774,1820,1994-2002
2,C,0.10160378763441433,0.1090725673120867,-0.06261622327404047,0.3949216468922512,0.07771393191606371,1307.8346375617793,0.996383316407997,4856,1994-2002
3,D,0.07565222090291811,0.08885670502257882,-0.07117377621040098,0.39322658378200304,0.08631916897275517,1232.5666553017388,0.9979826460378663,2933,1994-2002
4,E,0.09734671057846683,0.09905425366014242,-0.07319553024493732,0.41902285986221754,0.09956492569584113,725.0,1.0,26,1994-2002
