,holc_grade,median,mean,min,max,std,num_pixels,pixel_frac,num_bounds,year_range
0,A,0.1914663310136265,0.19772893450995485,0.017614109232288847,0.43806429899466987,0.07911290687678213,740.5,0.9997650375939848,352,2013-2022
1,B,0.16921358265162872,0.18103140183357577,0.01508539232808785,0.4404701562080946,0.07889588371170873,1060.8194444444443,0.9905492794868088,1584,2013-2022
2,C,0.1460594916405441,0.1551061573565121,0.0043752211172005465,0.4334827661890574,0.07093380070764065,1306.6560846560847,0.9957610129132708,4158,2013-2022
3,D,0.1309244005093842,0.14418841765786544,-0.005295676081592587,0.43235565409508253,0.07973611179982562,1189.8487394957983,0.9811494277188622,2618,2013-2022
4,E,0.13040704508735376,0.1366510751911185,-0.024799961131066084,0.49298871782692993,0.09375457160852173,725.0,1.0,22,2013-2022
